{
  "attn": [
    0.04705269310315805,
    -0.031673285655593804,
    0.03732577840621581,
    0.02594504572397907,
    -0.028268177335465352,
    0.07090014770623063,
    0.007784237853353988,
    -0.016763162210923402,
    -0.029274042201097375,
    -0.025473873592854367,
    -0.028560227035494698,
    -0.014933340656481657,
    -0.007097372508315457,
    0.0006047107740381872,
    -0.07630454117906257,
    0.010510209489436024,
    -0.02114075389649427,
    0.003146952837878154,
    -0.0034407327606091587,
    -0.0355014461814536,
    0.037289471071451884,
    -0.07100864580361614,
    -0.0935922884422501,
    0.25515352956659154,
    0.19967481720095456,
    -0.14497012894289618,
    0.28360783140656926,
    -0.05504537894116842,
    -0.05800049264998092,
    0.0077149779822608166,
    0.006205184579874467,
    0.062291099149715444,
    0.1463241642915514,
    0.08187012400745321,
    -0.05523160811877673,
    -0.09647314043843636
  ],
  "mlp": [
    -0.009347248274900362,
    -0.03195399476224386,
    0.004533279789355406,
    0.004386050220091729,
    -0.006282842345683797,
    0.030394101901656406,
    -0.006761619528675645,
    -0.043798221880975784,
    -0.013204170115107529,
    -0.02025059565864275,
    -0.029244575473980794,
    0.05298551670070681,
    0.06607900107717084,
    0.025344386272144637,
    -0.037753126393346735,
    -0.055945850590802565,
    -0.05831837621267078,
    0.03588016903286466,
    -0.044453887168893653,
    0.03739124296248023,
    0.06762485746438321,
    -0.006663621329300284,
    0.3457797845582781,
    0.2696117201694333,
    0.11505044730792414,
    0.43366541937699615,
    0.43327457799706504,
    0.40004993187462884,
    0.11249792275097807,
    -0.2738845764821774,
    -0.07424143067146836,
    0.2435614705101248,
    -0.23816614828010133,
    -0.07951677149280448,
    -0.1042737531225958,
    -0.02779846824955275
  ],
  "n_used": 12
}