{
  "attn": [
    -0.10380025324469767,
    0.01926008442776735,
    -0.0525889799321855,
    -0.08839743589743591,
    0.08251833225241084,
    0.036126543209876544,
    -0.07775242100638928,
    -0.030834916112693886,
    -0.013523762410715562,
    -0.07547384457106678,
    0.011489181380054392,
    -0.12822154806378575,
    0.06577932098765435,
    -0.056515131693703126,
    0.03241433058990163,
    0.2303276661520467,
    0.1934749920861032,
    0.10000606718957473,
    0.10809922990575332,
    0.07786453480704351,
    0.27026737409577134,
    0.0645712661179173,
    0.12538384162295313,
    -0.23785442252897734,
    0.3045383214203385,
    0.16680016374557605,
    0.7211809547956953,
    -0.1369553249692623,
    -0.04517991233970715,
    0.07964882082937637,
    0.11272401320915644,
    -0.06842280586521779,
    0.06727564250284924,
    0.046902354350815446,
    -0.12063726949446074,
    -0.009485942473021454
  ],
  "mlp": [
    0.017374696502648494,
    0.056001881707214644,
    -0.014733879069196522,
    0.018291801525928516,
    -0.028040387384657615,
    0.008471958294354731,
    -0.07626033799548125,
    -0.0040231597294605416,
    -0.13444187242798358,
    -0.06956773716597564,
    0.08532551041286039,
    0.04037226365889742,
    0.02699085487969538,
    0.18798594556531065,
    -0.12885978769012063,
    -0.0184633367163371,
    0.01659859100335291,
    0.07114806012623473,
    0.050215948046232604,
    0.21739316387037064,
    -0.05523207650094991,
    0.04461207113888103,
    0.08183190304125264,
    -0.04807318997480631,
    -0.12437023945033047,
    0.1640978539749349,
    0.6952541393934638,
    0.2730161447237038,
    0.09145105266645141,
    -0.09453920055618659,
    0.12423844460768581,
    0.4679901430032092,
    0.06525213984442595,
    -0.08507827814956152,
    -0.07004298872862558,
    0.009683511685544195
  ],
  "n_used": 12
}